feature,importance
test_pass_rate,0.2550135927550805
recent_failures,0.22034699570953523
files_changed,0.17708440697965955
lines_added,0.13574079369993206
lines_deleted,0.055109456775480736
days_since_last_deploy,0.047313955135745205
hour_of_day,0.041073425629464574
day_of_week,0.03494869979041893
num_contributors,0.024330165436525414
is_main_branch,0.009038508088157862
